timeframe,strategy_name,exit_model,trade_count,base_ppt_usd,base_max_dd_pct,engine_max_dd_pct,lot_for_target,dd_at_target_pct,meets_target_within_dd,max_lot_within_dd,max_ppt_usd_within_dd,profit_factor,win_rate,robust_score,parameter_set
M15,trend_pullback,fixed_tp,4622,0.09100406376281472,17.458410275617766,17.45841027561772,0.4121,75.69904942880325,False,0.1584,0.28838827496238806,1.429332965576541,0.5938987451319775,23.9335345407308,"{""adx_threshold"": 18.0, ""atr_stop"": 2.5, ""atr_target"": 2.0, ""confirmation_bars"": 2, ""leg_a_atr_target"": 1.0, ""pullback_rsi"": 25, ""session_filter"": ""NY""}"
M15,trend_pullback,fixed_tp,4356,0.08289165413044017,18.081086202215683,18.081086202215626,0.4524,79.85518195510028,False,0.1625,0.26939729358210185,1.3986601454248215,0.59366391184573,23.105205260788143,"{""adx_threshold"": 20.0, ""atr_stop"": 2.5, ""atr_target"": 2.0, ""confirmation_bars"": 1, ""leg_a_atr_target"": 1.0, ""pullback_rsi"": 25, ""session_filter"": ""NY""}"
M15,trend_pullback,fixed_tp,4960,0.09813212200279577,14.29064831014977,14.29064831014971,0.3821,86.98260711091575,False,0.1318,0.2586724029932691,1.472103475808952,0.5971774193548387,24.93315196047662,"{""adx_threshold"": 18.0, ""atr_stop"": 2.5, ""atr_target"": 2.0, ""confirmation_bars"": 1, ""leg_a_atr_target"": 1.0, ""pullback_rsi"": 25, ""session_filter"": ""NY""}"
M15,trend_pullback,fixed_tp_plus_mr,4635,0.08132691980333426,19.376199817261096,19.37619981726108,0.4611,84.22218943394219,False,0.1584,0.2577217888996238,1.4097171041741279,0.5930960086299892,21.345123845550013,"{""adx_threshold"": 18.0, ""atr_stop"": 2.5, ""atr_target"": 2.0, ""confirmation_bars"": 2, ""leg_a_atr_target"": 1.0, ""pullback_rsi"": 25, ""session_filter"": ""NY""}"
M15,trend_pullback,fixed_tp_plus_mr,4976,0.09018339269522267,17.972413410439742,17.972413410439675,0.4158,94.64922041663006,False,0.1318,0.2377198660586823,1.4602512118447901,0.5966639871382636,22.49573070261824,"{""adx_threshold"": 18.0, ""atr_stop"": 2.5, ""atr_target"": 2.0, ""confirmation_bars"": 1, ""leg_a_atr_target"": 1.0, ""pullback_rsi"": 25, ""session_filter"": ""NY""}"
M15,trend_pullback,fixed_tp,4501,0.10399698682904422,19.292509554411264,19.29250955441115,0.3606,88.89039681598723,False,0.1126,0.23421235883799413,1.4588003089418504,0.6220839813374806,26.473724749344736,"{""adx_threshold"": 18.0, ""atr_stop"": 3.0, ""atr_target"": 2.0, ""confirmation_bars"": 2, ""leg_a_atr_target"": 1.0, ""pullback_rsi"": 25, ""session_filter"": ""NY""}"
M15,trend_pullback,fixed_tp,4828,0.11197501310233907,15.971816092544449,15.971816092544405,0.3349,99.92033711958297,False,0.1005,0.22517938438370538,1.5075068369135898,0.6259320629660314,27.58445501712205,"{""adx_threshold"": 18.0, ""atr_stop"": 3.0, ""atr_target"": 2.0, ""confirmation_bars"": 1, ""leg_a_atr_target"": 1.0, ""pullback_rsi"": 25, ""session_filter"": ""NY""}"
M15,trend_pullback,fixed_tp,3917,0.11219553010395301,25.394449215318165,25.394449215318172,0.3342,105.83940477370955,False,0.0947,0.21258622956266846,1.3707807378148251,0.5871840694408986,25.852867577098248,"{""adx_threshold"": 18.0, ""atr_stop"": 3.0, ""atr_target"": 2.0, ""confirmation_bars"": 2, ""leg_a_atr_target"": 1.5, ""pullback_rsi"": 25, ""session_filter"": ""NY""}"
M15,trend_pullback,fixed_tp_plus_mr,4847,0.10241332091248595,18.759636727977835,18.759636727977774,0.3662,109.24927498168219,False,0.1005,0.20595102350814293,1.496067990497459,0.6228595007220962,25.15506983195967,"{""adx_threshold"": 18.0, ""atr_stop"": 3.0, ""atr_target"": 2.0, ""confirmation_bars"": 1, ""leg_a_atr_target"": 1.0, ""pullback_rsi"": 25, ""session_filter"": ""NY""}"
M15,trend_pullback,fixed_tp,4396,0.10138053895713264,21.83308591717918,21.833085917179126,0.3699,116.09741521304977,False,0.0956,0.19380276433123314,1.368382825737285,0.5477707006369427,23.15600566676758,"{""adx_threshold"": 18.0, ""atr_stop"": 2.5, ""atr_target"": 2.0, ""confirmation_bars"": 1, ""leg_a_atr_target"": 1.5, ""pullback_rsi"": 25, ""session_filter"": ""NY""}"
M15,trend_pullback,fixed_tp,4227,0.12509695802844603,21.63960245028475,21.6396024502847,0.2998,118.57839900302167,False,0.0758,0.1897478814790427,1.4362161722672429,0.5900165602081855,27.80627636410632,"{""adx_threshold"": 18.0, ""atr_stop"": 3.0, ""atr_target"": 2.0, ""confirmation_bars"": 1, ""leg_a_atr_target"": 1.5, ""pullback_rsi"": 25, ""session_filter"": ""NY""}"
M15,trend_pullback,fixed_tp_plus_mr,4514,0.09567841608399431,21.23722938119946,21.23722938119939,0.3919,96.26269506339683,False,0.0978,0.18711380493084953,1.4531514144428195,0.6198493575542756,24.180360178444314,"{""adx_threshold"": 18.0, ""atr_stop"": 3.0, ""atr_target"": 2.0, ""confirmation_bars"": 2, ""leg_a_atr_target"": 1.0, ""pullback_rsi"": 25, ""session_filter"": ""NY""}"
M15,trend_pullback,fixed_tp,4078,0.08991210243427153,25.948238495597092,25.948238495596904,0.4171,100.25735405453563,False,0.103,0.18523230961548554,1.3123003129568722,0.5431584109857773,21.421083529532552,"{""adx_threshold"": 18.0, ""atr_stop"": 2.5, ""atr_target"": 2.0, ""confirmation_bars"": 2, ""leg_a_atr_target"": 1.5, ""pullback_rsi"": 25, ""session_filter"": ""NY""}"
M15,trend_pullback,fixed_tp,3980,0.0724004910975213,18.994918887587072,18.994918887587037,0.518,91.4891004574616,False,0.1236,0.17891647934981633,1.345431118159196,0.5899497487437186,21.898929097065594,"{""adx_threshold"": 20.0, ""atr_stop"": 2.5, ""atr_target"": 2.0, ""confirmation_bars"": 2, ""leg_a_atr_target"": 1.0, ""pullback_rsi"": 25, ""session_filter"": ""NY""}"
M15,trend_pullback,fixed_tp_plus_mr,4409,0.09085709782348488,25.754418257477717,25.754418257477546,0.4127,129.54429326694458,False,0.0956,0.1736857674898541,1.350313937153617,0.5475164436380131,19.83286368480326,"{""adx_threshold"": 18.0, ""atr_stop"": 2.5, ""atr_target"": 2.0, ""confirmation_bars"": 1, ""leg_a_atr_target"": 1.5, ""pullback_rsi"": 25, ""session_filter"": ""NY""}"
M15,trend_pullback,fixed_tp,4249,0.0966518192721498,21.383464256300833,21.383464256300826,0.388,93.00851362005922,False,0.0802,0.15496261239054127,1.437782409259674,0.6234408096022593,25.85116809122608,"{""adx_threshold"": 20.0, ""atr_stop"": 3.0, ""atr_target"": 2.0, ""confirmation_bars"": 1, ""leg_a_atr_target"": 1.0, ""pullback_rsi"": 25, ""session_filter"": ""NY""}"
M15,trend_pullback,fixed_tp_plus_mr,4243,0.11143968074607452,28.070403359259704,28.070403359259586,0.3365,133.11054827015784,False,0.0681,0.15179751333250585,1.4130699774575024,0.5863775630450153,24.25084255264362,"{""adx_threshold"": 18.0, ""atr_stop"": 3.0, ""atr_target"": 2.0, ""confirmation_bars"": 1, ""leg_a_atr_target"": 1.5, ""pullback_rsi"": 25, ""session_filter"": ""NY""}"
M15,trend_pullback,fixed_tp,4193,0.09582681790911522,22.121516802632744,22.121516802632748,0.3913,148.20062209382598,False,0.0765,0.14655669783355407,1.3235036437338417,0.5492487479131887,22.340133316081793,"{""adx_threshold"": 18.0, ""atr_stop"": 3.0, ""atr_target"": 2.5, ""confirmation_bars"": 1, ""leg_a_atr_target"": 1.5, ""pullback_rsi"": 25, ""session_filter"": ""NY""}"
M15,trend_pullback,fixed_tp,3708,0.10113968724870008,26.903268979731465,26.903268979731553,0.3708,118.23639716670426,False,0.0723,0.14624464486791905,1.339373086179007,0.5884573894282632,24.69200231146239,"{""adx_threshold"": 20.0, ""atr_stop"": 3.0, ""atr_target"": 2.0, ""confirmation_bars"": 1, ""leg_a_atr_target"": 1.5, ""pullback_rsi"": 25, ""session_filter"": ""NY""}"
M15,trend_pullback,fixed_tp,5255,0.11072673741226469,24.15997900369814,24.15997900369814,0.3387,158.49175412219518,False,0.0622,0.13768045254274228,1.505526218578948,0.6237868696479544,27.306338469249305,"{""adx_threshold"": 15.0, ""atr_stop"": 3.0, ""atr_target"": 2.0, ""confirmation_bars"": 2, ""leg_a_atr_target"": 1.0, ""pullback_rsi"": 25, ""session_filter"": ""NY""}"
M15,trend_pullback,fixed_tp_plus_mr,4803,0.0752766489028094,22.19768840503016,22.19768840503015,0.4982,140.23443174291984,False,0.0908,0.1366896222245492,1.3738140076700636,0.5925463252134083,21.243202243651435,"{""adx_threshold"": 18.0, ""atr_stop"": 3.0, ""atr_target"": 2.5, ""confirmation_bars"": 1, ""leg_a_atr_target"": 1.0, ""pullback_rsi"": 25, ""session_filter"": ""NY""}"
M15,trend_pullback,fixed_tp_plus_mr,4478,0.07731600476498578,24.13890682520777,24.13890682520778,0.485,110.119742946942,False,0.087,0.1345512788651197,1.370905850469596,0.5913354175971416,21.22631331491318,"{""adx_threshold"": 18.0, ""atr_stop"": 3.0, ""atr_target"": 2.5, ""confirmation_bars"": 2, ""leg_a_atr_target"": 1.0, ""pullback_rsi"": 25, ""session_filter"": ""NY""}"
M15,trend_pullback,fixed_tp,4774,0.08931070139450246,21.688602323539616,21.688602323539616,0.4199,118.19835604881462,False,0.0751,0.13407586684879325,1.3918730428791972,0.5900712191034772,23.21897762555507,"{""adx_threshold"": 18.0, ""atr_stop"": 3.0, ""atr_target"": 2.5, ""confirmation_bars"": 1, ""leg_a_atr_target"": 1.0, ""pullback_rsi"": 25, ""session_filter"": ""NY""}"
M15,trend_pullback,fixed_tp_plus_mr,4255,0.09142978053417743,22.72100865495861,22.721008654958542,0.4102,98.08613478634682,False,0.0724,0.13231132656147446,1.4403021720052298,0.6211515863689777,23.84649863311588,"{""adx_threshold"": 20.0, ""atr_stop"": 3.0, ""atr_target"": 2.0, ""confirmation_bars"": 1, ""leg_a_atr_target"": 1.0, ""pullback_rsi"": 25, ""session_filter"": ""NY""}"
M15,trend_pullback,fixed_tp,5445,0.11247618428247547,26.192124484539985,26.192124484539985,0.3334,169.16214141172577,False,0.0573,0.12893617670967783,1.5174460537887347,0.6225895316804407,27.533684196610558,"{""adx_threshold"": 15.0, ""atr_stop"": 3.0, ""atr_target"": 2.0, ""confirmation_bars"": 1, ""leg_a_atr_target"": 1.0, ""pullback_rsi"": 25, ""session_filter"": ""NY""}"
M15,trend_pullback,fixed_tp,4756,0.12234129189537363,29.299219223318428,29.299219223318428,0.3065,179.61568066717294,False,0.0512,0.1252674594802911,1.4233622844419196,0.5868376787216149,26.99545473399727,"{""adx_threshold"": 15.0, ""atr_stop"": 3.0, ""atr_target"": 2.0, ""confirmation_bars"": 1, ""leg_a_atr_target"": 1.5, ""pullback_rsi"": 25, ""session_filter"": ""NY""}"
M15,trend_pullback,fixed_tp,3893,0.09035700089660233,24.821659588507984,24.82165958850804,0.415,124.42317736485732,False,0.0686,0.12403769860471162,1.2890066262893223,0.548163370151554,21.285403205877557,"{""adx_threshold"": 18.0, ""atr_stop"": 3.0, ""atr_target"": 2.5, ""confirmation_bars"": 2, ""leg_a_atr_target"": 1.5, ""pullback_rsi"": 25, ""session_filter"": ""NY""}"
M15,trend_pullback,fixed_tp_plus_mr,5279,0.09851681224677762,24.15997900369814,24.15997900369814,0.3806,177.3227418703342,False,0.0622,0.12249831982950049,1.4861179182399646,0.6207615078613373,24.831338710689874,"{""adx_threshold"": 15.0, ""atr_stop"": 3.0, ""atr_target"": 2.0, ""confirmation_bars"": 2, ""leg_a_atr_target"": 1.0, ""pullback_rsi"": 25, ""session_filter"": ""NY""}"
M15,trend_pullback,fixed_tp,3399,0.0898007428044009,28.618783596302823,28.618783596302826,0.4176,133.72935738078058,False,0.0677,0.12161823267184961,1.2992762475144555,0.5816416593115622,23.431360584539533,"{""adx_threshold"": 20.0, ""atr_stop"": 3.0, ""atr_target"": 2.0, ""confirmation_bars"": 2, ""leg_a_atr_target"": 1.5, ""pullback_rsi"": 25, ""session_filter"": ""NY""}"
M15,trend_pullback,fixed_tp,4463,0.08801258865065018,23.28389353166281,23.28389353166281,0.4261,97.40406979708322,False,0.0691,0.1215477388241842,1.3771780182910744,0.5881693927851221,22.9182744064034,"{""adx_threshold"": 18.0, ""atr_stop"": 3.0, ""atr_target"": 2.5, ""confirmation_bars"": 2, ""leg_a_atr_target"": 1.0, ""pullback_rsi"": 25, ""session_filter"": ""NY""}"
M15,trend_pullback,fixed_tp_plus_mr,3714,0.0936750025932855,28.315494163199535,28.315494163199613,0.4003,127.658306910052,False,0.0645,0.12089572779994313,1.3349568491799828,0.5856219709208401,21.841745956830056,"{""adx_threshold"": 20.0, ""atr_stop"": 3.0, ""atr_target"": 2.0, ""confirmation_bars"": 1, ""leg_a_atr_target"": 1.5, ""pullback_rsi"": 25, ""session_filter"": ""NY""}"
M15,trend_pullback,fixed_tp_plus_mr,5474,0.10309180813439678,26.192124484539985,26.192124484539985,0.3638,183.9417728530565,False,0.0573,0.11817847196482294,1.5129570711155549,0.6220314212641579,25.35406975591815,"{""adx_threshold"": 15.0, ""atr_stop"": 3.0, ""atr_target"": 2.0, ""confirmation_bars"": 1, ""leg_a_atr_target"": 1.0, ""pullback_rsi"": 25, ""session_filter"": ""NY""}"
M15,trend_pullback,fixed_tp,3870,0.08546054136565882,22.479629379755213,22.479629379755213,0.4388,138.4107022702975,False,0.068,0.1163019603711547,1.3765115484727093,0.620671834625323,24.495527185503267,"{""adx_threshold"": 20.0, ""atr_stop"": 3.0, ""atr_target"": 2.0, ""confirmation_bars"": 2, ""leg_a_atr_target"": 1.0, ""pullback_rsi"": 25, ""session_filter"": ""NY""}"
M15,trend_pullback,fixed_tp,5396,0.0876725192294759,23.60208852971228,23.60208852971228,0.4277,193.53556013619675,False,0.0637,0.11161245549126107,1.3981739648293827,0.5850630096367679,23.455338589682167,"{""adx_threshold"": 15.0, ""atr_stop"": 3.0, ""atr_target"": 2.5, ""confirmation_bars"": 1, ""leg_a_atr_target"": 1.0, ""pullback_rsi"": 25, ""session_filter"": ""NY""}"
M15,trend_pullback,fixed_tp,5201,0.08765593552123419,24.38932059453405,24.38932059453405,0.4278,177.01991684420253,False,0.0633,0.11098947442617131,1.3889459313020829,0.5877715823880023,23.296648500809287,"{""adx_threshold"": 15.0, ""atr_stop"": 3.0, ""atr_target"": 2.5, ""confirmation_bars"": 2, ""leg_a_atr_target"": 1.0, ""pullback_rsi"": 25, ""session_filter"": ""NY""}"
M15,trend_pullback,fixed_tp,4586,0.12129932403365377,32.84848569480154,32.84848569480154,0.3092,203.10388757208523,False,0.0457,0.1107807451101316,1.4178486776796932,0.5883122546881814,26.899403417201466,"{""adx_threshold"": 15.0, ""atr_stop"": 3.0, ""atr_target"": 2.0, ""confirmation_bars"": 2, ""leg_a_atr_target"": 1.5, ""pullback_rsi"": 25, ""session_filter"": ""NY""}"
M15,trend_pullback,fixed_tp_plus_mr,4225,0.07400494331352073,27.2299140538397,27.2299140538397,0.5067,111.85253409196547,False,0.0724,0.10717095935577968,1.3619508042636863,0.5926627218934911,20.995947171296812,"{""adx_threshold"": 20.0, ""atr_stop"": 3.0, ""atr_target"": 2.5, ""confirmation_bars"": 1, ""leg_a_atr_target"": 1.0, ""pullback_rsi"": 25, ""session_filter"": ""NY""}"
M15,trend_pullback,fixed_tp_plus_mr,5240,0.07652696702647466,23.451800666312465,23.451800666312433,0.49,201.40911560576967,False,0.0697,0.1066729155933075,1.383405210275496,0.5927480916030534,21.494910344903513,"{""adx_threshold"": 15.0, ""atr_stop"": 3.0, ""atr_target"": 2.5, ""confirmation_bars"": 2, ""leg_a_atr_target"": 1.0, ""pullback_rsi"": 25, ""session_filter"": ""NY""}"
M15,trend_pullback,fixed_tp,5387,0.09567511103797732,27.388336980326912,27.388336980326912,0.392,206.73403127464957,False,0.0548,0.10485501845972331,1.4623172911689712,0.594765175422313,23.993280234615032,"{""adx_threshold"": 15.0, ""atr_stop"": 2.5, ""atr_target"": 2.0, ""confirmation_bars"": 2, ""leg_a_atr_target"": 1.0, ""pullback_rsi"": 25, ""session_filter"": ""NY""}"
M15,trend_pullback,fixed_tp_plus_mr,4786,0.10920455319422068,30.540908498621206,30.540908498621256,0.3434,201.22251110177848,False,0.0465,0.10146883025283027,1.4085825225747095,0.5875470121186794,23.72153209238031,"{""adx_threshold"": 15.0, ""atr_stop"": 3.0, ""atr_target"": 2.0, ""confirmation_bars"": 1, ""leg_a_atr_target"": 1.5, ""pullback_rsi"": 25, ""session_filter"": ""NY""}"
M15,trend_pullback,fixed_tp,5582,0.09582487462758317,29.02121305961453,29.02121305961453,0.3913,219.33904866940358,False,0.0517,0.09907422716858828,1.4661209825997648,0.5942314582586886,24.01555069254574,"{""adx_threshold"": 15.0, ""atr_stop"": 2.5, ""atr_target"": 2.0, ""confirmation_bars"": 1, ""leg_a_atr_target"": 1.0, ""pullback_rsi"": 25, ""session_filter"": ""NY""}"
M15,trend_pullback,fixed_tp,4213,0.0829930018797833,25.801302159869007,25.801302159869007,0.4518,116.21153320493434,False,0.0595,0.09880007317839383,1.367073200542707,0.5905530500830762,22.528173455612468,"{""adx_threshold"": 20.0, ""atr_stop"": 3.0, ""atr_target"": 2.5, ""confirmation_bars"": 1, ""leg_a_atr_target"": 1.0, ""pullback_rsi"": 25, ""session_filter"": ""NY""}"
M15,trend_pullback,fixed_tp_plus_mr,4607,0.10477895595974987,32.84848569480154,32.84848569480154,0.3579,235.12702570318646,False,0.0457,0.09569295546826234,1.3898014917371637,0.5864988061645322,23.25806018133323,"{""adx_threshold"": 15.0, ""atr_stop"": 3.0, ""atr_target"": 2.0, ""confirmation_bars"": 2, ""leg_a_atr_target"": 1.5, ""pullback_rsi"": 25, ""session_filter"": ""NY""}"
M15,trend_pullback,fixed_tp,4934,0.09769644509249241,30.925960884802105,30.925960884802105,0.3838,237.4136606674134,False,0.0485,0.09477129469613654,1.3557656698518026,0.5447912444264289,21.535884130584677,"{""adx_threshold"": 15.0, ""atr_stop"": 2.5, ""atr_target"": 2.0, ""confirmation_bars"": 1, ""leg_a_atr_target"": 1.5, ""pullback_rsi"": 25, ""session_filter"": ""NY""}"
M15,trend_pullback,fixed_tp_plus_mr,5408,0.08528677596227345,27.388336980326912,27.388336980326912,0.4397,230.72035633825593,False,0.0548,0.09346993560681346,1.442647905914062,0.5946745562130178,21.770146722694374,"{""adx_threshold"": 15.0, ""atr_stop"": 2.5, ""atr_target"": 2.0, ""confirmation_bars"": 2, ""leg_a_atr_target"": 1.0, ""pullback_rsi"": 25, ""session_filter"": ""NY""}"
M15,trend_pullback,fixed_tp,4553,0.09203719751573164,30.243537154630257,30.243537154630257,0.4074,246.45092938749693,False,0.0496,0.09129606472135901,1.3091932480346984,0.5466725236108061,21.925173773218457,"{""adx_threshold"": 15.0, ""atr_stop"": 3.0, ""atr_target"": 2.5, ""confirmation_bars"": 2, ""leg_a_atr_target"": 1.5, ""pullback_rsi"": 25, ""session_filter"": ""NY""}"
M15,trend_pullback,fixed_tp,3930,0.11318975453675764,31.788784473454072,31.788784473454037,0.3313,137.51285249613147,False,0.04,0.09058776824099207,1.2965271097337043,0.5465648854961832,24.608796413413113,"{""adx_threshold"": 18.0, ""atr_stop"": 3.0, ""atr_target"": 2.0, ""confirmation_bars"": 1, ""leg_a_atr_target"": 2.0, ""pullback_rsi"": 25, ""session_filter"": ""NY""}"
M15,trend_pullback,fixed_tp_plus_mr,5606,0.08539065169330891,29.02121305961453,29.02121305961453,0.4392,244.96197240097018,False,0.0517,0.08828618724330135,1.4463521476918302,0.5952550838387441,21.818856531251676,"{""adx_threshold"": 15.0, ""atr_stop"": 2.5, ""atr_target"": 2.0, ""confirmation_bars"": 1, ""leg_a_atr_target"": 1.0, ""pullback_rsi"": 25, ""session_filter"": ""NY""}"
M15,trend_pullback,fixed_tp_plus_mr,3927,0.1010660122771492,31.250483570900663,31.250483570900656,0.371,117.49457465393675,False,0.0427,0.08623129723524534,1.359582013171038,0.5846702317290553,22.65159315600383,"{""adx_threshold"": 18.0, ""atr_stop"": 3.0, ""atr_target"": 2.0, ""confirmation_bars"": 2, ""leg_a_atr_target"": 1.5, ""pullback_rsi"": 25, ""session_filter"": ""NY""}"
M15,trend_pullback,fixed_tp,4732,0.09149796423283403,30.60408580184536,30.604085801845354,0.4098,218.81036567561068,False,0.0464,0.08494451337915976,1.314902177804844,0.5439560439560439,22.014812001738896,"{""adx_threshold"": 15.0, ""atr_stop"": 3.0, ""atr_target"": 2.5, ""confirmation_bars"": 1, ""leg_a_atr_target"": 1.5, ""pullback_rsi"": 25, ""session_filter"": ""NY""}"
M15,trend_pullback,fixed_tp,4268,0.11031967038739607,37.347507040606715,37.347507040606715,0.3399,253.9042238078988,False,0.0383,0.08452890571997598,1.2873878142556814,0.5454545454545454,23.81672970680573,"{""adx_threshold"": 15.0, ""atr_stop"": 3.0, ""atr_target"": 2.0, ""confirmation_bars"": 2, ""leg_a_atr_target"": 2.0, ""pullback_rsi"": 25, ""session_filter"": ""NY""}"
M15,trend_pullback,fixed_tp,4756,0.09674995296081104,34.49303004381424,34.49303004381424,0.3876,267.3879597992087,False,0.0435,0.08414739398474054,1.3472655167096328,0.5447855340622372,21.36813667245663,"{""adx_threshold"": 15.0, ""atr_stop"": 2.5, ""atr_target"": 2.0, ""confirmation_bars"": 2, ""leg_a_atr_target"": 1.5, ""pullback_rsi"": 25, ""session_filter"": ""NY""}"
M15,trend_pullback,fixed_tp_plus_mr,5438,0.07797861180069539,29.980994346774963,29.980994346774654,0.4809,216.33248847703018,False,0.0501,0.07816764590939557,1.3970779639195168,0.592313350496506,21.746059685975514,"{""adx_threshold"": 15.0, ""atr_stop"": 3.0, ""atr_target"": 2.5, ""confirmation_bars"": 1, ""leg_a_atr_target"": 1.0, ""pullback_rsi"": 25, ""session_filter"": ""NY""}"
M15,trend_pullback,fixed_tp_plus_mr,3876,0.07817362052613963,30.71083143707536,30.71083143707536,0.4797,200.42564664038485,False,0.0488,0.07626208070738164,1.3701074237586939,0.6176470588235294,22.31843765729816,"{""adx_threshold"": 20.0, ""atr_stop"": 3.0, ""atr_target"": 2.0, ""confirmation_bars"": 2, ""leg_a_atr_target"": 1.0, ""pullback_rsi"": 25, ""session_filter"": ""NY""}"
M15,trend_pullback,fixed_tp,4410,0.11223924272835933,41.427435496575626,41.427435496575626,0.3341,276.82453896832254,False,0.031,0.06961373204171176,1.2934014226029733,0.5446712018140589,24.04188253492091,"{""adx_threshold"": 15.0, ""atr_stop"": 3.0, ""atr_target"": 2.0, ""confirmation_bars"": 1, ""leg_a_atr_target"": 2.0, ""pullback_rsi"": 25, ""session_filter"": ""NY""}"
M15,trend_pullback,fixed_tp,3666,0.10685729794910444,35.258700001245046,35.25870000124498,0.3509,148.18603769562407,False,0.0295,0.06302528910215381,1.2778727880760858,0.546644844517185,23.86627894718871,"{""adx_threshold"": 18.0, ""atr_stop"": 3.0, ""atr_target"": 2.0, ""confirmation_bars"": 2, ""leg_a_atr_target"": 2.0, ""pullback_rsi"": 25, ""session_filter"": ""NY""}"
M15,trend_pullback,fixed_tp,5960,0.08681598458400305,40.59077097397956,40.59077097397956,0.4319,117.85235024521398,False,0.0339,0.05881200464584797,1.3843038176584495,0.6077181208053691,21.256851155171372,"{""adx_threshold"": 20.0, ""atr_stop"": 3.0, ""atr_target"": 2.0, ""confirmation_bars"": 1, ""leg_a_atr_target"": 1.0, ""pullback_rsi"": 30, ""session_filter"": ""NY""}"
M15,trend_pullback,fixed_tp,5137,0.09562022132603978,46.69761021247385,46.69761021247385,0.3922,134.97461635649154,False,0.0287,0.054874783075329524,1.320453703044436,0.5775744598014405,20.78724581599623,"{""adx_threshold"": 20.0, ""atr_stop"": 3.0, ""atr_target"": 2.0, ""confirmation_bars"": 1, ""leg_a_atr_target"": 1.5, ""pullback_rsi"": 30, ""session_filter"": ""NY""}"
M15,trend_pullback,fixed_tp,6813,0.08797568284170382,44.93525128635674,44.93525128635674,0.4263,154.4027731504705,False,0.0309,0.05431162020196711,1.3872026086585136,0.6064875972405696,21.38571875005633,"{""adx_threshold"": 18.0, ""atr_stop"": 3.0, ""atr_target"": 2.0, ""confirmation_bars"": 1, ""leg_a_atr_target"": 1.0, ""pullback_rsi"": 30, ""session_filter"": ""NY""}"
M15,trend_pullback,fixed_tp,3835,0.07124467019019715,40.256753914333025,40.256753914333025,0.5264,325.27888864323177,False,0.037,0.05265228264074739,1.3102700156032867,0.5887874837027379,21.118977818465627,"{""adx_threshold"": 20.0, ""atr_stop"": 3.0, ""atr_target"": 2.5, ""confirmation_bars"": 2, ""leg_a_atr_target"": 1.0, ""pullback_rsi"": 25, ""session_filter"": ""NY""}"
M15,trend_pullback,fixed_tp,3462,0.09233635917636893,36.341058350245305,36.34105835024531,0.4061,172.3962676275067,False,0.0276,0.05094846083552855,1.238420123422444,0.5459272097053726,22.164278890772174,"{""adx_threshold"": 20.0, ""atr_stop"": 3.0, ""atr_target"": 2.0, ""confirmation_bars"": 1, ""leg_a_atr_target"": 2.0, ""pullback_rsi"": 25, ""session_filter"": ""NY""}"
M15,trend_pullback,fixed_tp,5546,0.09664239917340632,50.475445359213886,50.475445359213886,0.388,172.3051281427636,False,0.0185,0.03581117804524638,1.3175824872017903,0.5771727371078255,20.827655142000225,"{""adx_threshold"": 18.0, ""atr_stop"": 3.0, ""atr_target"": 2.0, ""confirmation_bars"": 2, ""leg_a_atr_target"": 1.5, ""pullback_rsi"": 30, ""session_filter"": ""NY""}"
M15,trend_pullback,fixed_tp,5205,0.08551161559309038,44.20246152109437,44.202461521094364,0.4385,126.21033594325093,False,0.0208,0.03558090733292016,1.4432828535948339,0.5465898174831892,20.739647052762354,"{""adx_threshold"": 18.0, ""atr_stop"": 2.0, ""atr_target"": 2.0, ""confirmation_bars"": 1, ""leg_a_atr_target"": 1.0, ""pullback_rsi"": 25, ""session_filter"": ""NY""}"
M15,trend_pullback,fixed_tp,5871,0.1014841555847992,52.59114954116762,52.59114954116762,0.3695,195.6771839873796,False,0.0167,0.03399399138518525,1.3473968145516344,0.5752001362629876,21.73796796385102,"{""adx_threshold"": 18.0, ""atr_stop"": 3.0, ""atr_target"": 2.0, ""confirmation_bars"": 1, ""leg_a_atr_target"": 1.5, ""pullback_rsi"": 30, ""session_filter"": ""NY""}"
M15,trend_pullback,fixed_tp,4799,0.08716335812744065,50.459715660430064,50.459715660430064,0.4302,177.58151558059282,False,0.0191,0.03331504460170327,1.2897132545720869,0.57136903521567,19.858389667314377,"{""adx_threshold"": 20.0, ""atr_stop"": 3.0, ""atr_target"": 2.0, ""confirmation_bars"": 2, ""leg_a_atr_target"": 1.5, ""pullback_rsi"": 30, ""session_filter"": ""NY""}"
M15,trend_pullback,fixed_tp_plus_mr,5211,0.08288003053751689,45.802510954231415,45.80251095423141,0.4525,130.21773352470845,False,0.0191,0.03166915270421632,1.4512772628928636,0.5509499136442142,19.501032851449306,"{""adx_threshold"": 18.0, ""atr_stop"": 2.0, ""atr_target"": 2.0, ""confirmation_bars"": 1, ""leg_a_atr_target"": 1.0, ""pullback_rsi"": 25, ""session_filter"": ""NY""}"
M15,trend_pullback,fixed_tp,5859,0.08346558975578987,47.831641154803755,47.831641154803755,0.4493,189.0110825142918,False,0.0182,0.030442396619152066,1.4371170862689255,0.5451442225635774,20.078295137947556,"{""adx_threshold"": 15.0, ""atr_stop"": 2.0, ""atr_target"": 2.0, ""confirmation_bars"": 1, ""leg_a_atr_target"": 1.0, ""pullback_rsi"": 25, ""session_filter"": ""NY""}"
M15,trend_pullback,fixed_tp,5651,0.08415250787382013,50.23297504024824,50.2329750402483,0.4456,158.1783851300026,False,0.0169,0.02846727049616392,1.4360924178310992,0.54556715625553,20.083965330445228,"{""adx_threshold"": 15.0, ""atr_stop"": 2.0, ""atr_target"": 2.0, ""confirmation_bars"": 2, ""leg_a_atr_target"": 1.0, ""pullback_rsi"": 25, ""session_filter"": ""NY""}"
M15,trend_pullback,fixed_tp,6122,0.08729074407748724,55.04696640033383,55.046966400333844,0.4296,129.43516707935382,False,0.0108,0.018840965273158167,1.3176015184061665,0.5308722639660242,18.612422931701648,"{""adx_threshold"": 18.0, ""atr_stop"": 2.5, ""atr_target"": 2.0, ""confirmation_bars"": 1, ""leg_a_atr_target"": 1.5, ""pullback_rsi"": 30, ""session_filter"": ""NY""}"
M15,trend_pullback,fixed_tp,6464,0.08825485803476077,66.71240741824113,66.71240741824113,0.4249,435.71749823085986,False,0.0106,0.018689064817106773,1.2994955027765849,0.5688428217821783,19.128389474530486,"{""adx_threshold"": 15.0, ""atr_stop"": 3.0, ""atr_target"": 2.0, ""confirmation_bars"": 2, ""leg_a_atr_target"": 1.5, ""pullback_rsi"": 30, ""session_filter"": ""NY""}"
M15,trend_pullback,fixed_tp,5806,0.08320094036835743,68.33165417518747,68.33165417518747,0.4507,324.51558916305873,False,0.0101,0.01684816116486665,1.2866848615390991,0.5354805373751291,18.673455913349933,"{""adx_threshold"": 18.0, ""atr_stop"": 3.0, ""atr_target"": 2.5, ""confirmation_bars"": 1, ""leg_a_atr_target"": 1.5, ""pullback_rsi"": 30, ""session_filter"": ""NY""}"
M15,trend_pullback,fixed_tp_plus_mr,5882,0.0873020377641276,60.619298167321475,60.61929816732155,0.4295,208.05618845808573,False,0.0096,0.016698621001387835,1.3221240784499233,0.5708942536552193,18.27559803525523,"{""adx_threshold"": 18.0, ""atr_stop"": 3.0, ""atr_target"": 2.0, ""confirmation_bars"": 1, ""leg_a_atr_target"": 1.5, ""pullback_rsi"": 30, ""session_filter"": ""NY""}"
M5,trend_pullback,partial_tp_mr_time_stop,1567,0.15559578666187007,361.5545557192429,361.5545557192431,0.241,1628.5734695505023,False,0.0041,0.012692940929605809,3.2806247368013297,0.4582003828972559,31.86180911345422,"{""adx_threshold"": 25, ""atr_stop"": 3.0, ""atr_target"": 1.0, ""confirmation_bars"": 1, ""leg_a_atr_target"": 0.8, ""pullback_rsi"": 30, ""session_filter"": ""NY"", ""time_stop_minutes"": 90, ""trail_mult"": 2.0}"
M5,trend_pullback,partial_tp_mr_time_stop,1567,0.15559578666187007,361.5545557192429,361.5545557192431,0.241,1628.5734695505023,False,0.0041,0.012692940929605809,3.2806247368013297,0.4582003828972559,31.86180911345422,"{""adx_threshold"": 25, ""atr_stop"": 3.0, ""atr_target"": 1.0, ""confirmation_bars"": 1, ""leg_a_atr_target"": 0.8, ""pullback_rsi"": 30, ""session_filter"": ""NY"", ""time_stop_minutes"": 30, ""trail_mult"": 2.0}"
M5,trend_pullback,partial_tp_mr_time_stop,1567,0.15559578666187007,361.5545557192429,361.5545557192431,0.241,1628.5734695505023,False,0.0041,0.012692940929605809,3.2806247368013297,0.4582003828972559,31.86180911345422,"{""adx_threshold"": 25, ""atr_stop"": 3.0, ""atr_target"": 1.5, ""confirmation_bars"": 1, ""leg_a_atr_target"": 0.8, ""pullback_rsi"": 30, ""session_filter"": ""NY"", ""time_stop_minutes"": 30, ""trail_mult"": 2.0}"
M5,trend_pullback,partial_tp_mr_time_stop,1567,0.15559578666187007,361.5545557192429,361.5545557192431,0.241,1628.5734695505023,False,0.0041,0.012692940929605809,3.2806247368013297,0.4582003828972559,31.86180911345422,"{""adx_threshold"": 25, ""atr_stop"": 3.0, ""atr_target"": 1.5, ""confirmation_bars"": 1, ""leg_a_atr_target"": 0.8, ""pullback_rsi"": 30, ""session_filter"": ""NY"", ""time_stop_minutes"": 90, ""trail_mult"": 2.0}"
M5,trend_pullback,partial_tp_mr_time_stop,1567,0.15559578666187007,361.5545557192429,361.5545557192431,0.241,1628.5734695505023,False,0.0041,0.012692940929605809,3.2806247368013297,0.4582003828972559,31.861809113454218,"{""adx_threshold"": 25, ""atr_stop"": 3.0, ""atr_target"": 1.0, ""confirmation_bars"": 1, ""leg_a_atr_target"": 0.8, ""pullback_rsi"": 30, ""session_filter"": ""NY"", ""time_stop_minutes"": 60, ""trail_mult"": 2.0}"
M5,trend_pullback,partial_tp_mr_time_stop,1567,0.15559578666187007,361.5545557192429,361.5545557192431,0.241,1628.5734695505023,False,0.0041,0.012692940929605809,3.2806247368013297,0.4582003828972559,31.861809113454218,"{""adx_threshold"": 25, ""atr_stop"": 3.0, ""atr_target"": 1.5, ""confirmation_bars"": 1, ""leg_a_atr_target"": 0.8, ""pullback_rsi"": 30, ""session_filter"": ""NY"", ""time_stop_minutes"": 60, ""trail_mult"": 2.0}"
M5,trend_pullback,partial_tp_mr_time_stop,1525,0.16032236445525572,335.0331705471286,335.0331705471286,0.2339,1008.214366567083,False,0.0039,0.012358231877689226,3.1046549169267945,0.45114754098360654,48.054930801090315,"{""adx_threshold"": 25, ""atr_stop"": 3.0, ""atr_target"": 1.0, ""confirmation_bars"": 1, ""leg_a_atr_target"": 0.8, ""pullback_rsi"": 30, ""session_filter"": ""NY"", ""time_stop_minutes"": 60, ""trail_mult"": 2.5}"
M5,trend_pullback,partial_tp_mr_time_stop,1525,0.16032236445525572,335.0331705471286,335.0331705471286,0.2339,1008.214366567083,False,0.0039,0.012358231877689226,3.1046549169267945,0.45114754098360654,48.054930801090315,"{""adx_threshold"": 25, ""atr_stop"": 3.0, ""atr_target"": 1.5, ""confirmation_bars"": 1, ""leg_a_atr_target"": 0.8, ""pullback_rsi"": 30, ""session_filter"": ""NY"", ""time_stop_minutes"": 60, ""trail_mult"": 2.5}"
M5,trend_pullback,partial_tp_mr_time_stop,1525,0.16032236445525572,335.0331705471286,335.0331705471286,0.2339,1008.214366567083,False,0.0039,0.012358231877689226,3.1046549169267945,0.45114754098360654,48.0549308010903,"{""adx_threshold"": 25, ""atr_stop"": 3.0, ""atr_target"": 1.5, ""confirmation_bars"": 1, ""leg_a_atr_target"": 0.8, ""pullback_rsi"": 30, ""session_filter"": ""NY"", ""time_stop_minutes"": 30, ""trail_mult"": 2.5}"
M5,trend_pullback,partial_tp_mr_time_stop,1525,0.16032236445525572,335.0331705471286,335.0331705471286,0.2339,1008.214366567083,False,0.0039,0.012358231877689226,3.1046549169267945,0.45114754098360654,48.0549308010903,"{""adx_threshold"": 25, ""atr_stop"": 3.0, ""atr_target"": 1.5, ""confirmation_bars"": 1, ""leg_a_atr_target"": 0.8, ""pullback_rsi"": 30, ""session_filter"": ""NY"", ""time_stop_minutes"": 90, ""trail_mult"": 2.5}"
M5,trend_pullback,partial_tp_mr_time_stop,1525,0.16032236445525572,335.0331705471286,335.0331705471286,0.2339,1008.214366567083,False,0.0039,0.012358231877689226,3.1046549169267945,0.45114754098360654,48.0549308010903,"{""adx_threshold"": 25, ""atr_stop"": 3.0, ""atr_target"": 1.0, ""confirmation_bars"": 1, ""leg_a_atr_target"": 0.8, ""pullback_rsi"": 30, ""session_filter"": ""NY"", ""time_stop_minutes"": 30, ""trail_mult"": 2.5}"
M5,trend_pullback,partial_tp_mr_time_stop,1525,0.16032236445525572,335.0331705471286,335.0331705471286,0.2339,1008.214366567083,False,0.0039,0.012358231877689226,3.1046549169267945,0.45114754098360654,48.0549308010903,"{""adx_threshold"": 25, ""atr_stop"": 3.0, ""atr_target"": 1.0, ""confirmation_bars"": 1, ""leg_a_atr_target"": 0.8, ""pullback_rsi"": 30, ""session_filter"": ""NY"", ""time_stop_minutes"": 90, ""trail_mult"": 2.5}"
M5,trend_pullback,partial_tp_mr_time_stop,1542,0.1567678246250939,375.1838152196062,375.18381521960634,0.2392,1678.3673425168824,False,0.0039,0.012323300511703028,3.2777086122791186,0.45590142671854733,32.17174012908773,"{""adx_threshold"": 25, ""atr_stop"": 3.0, ""atr_target"": 1.0, ""confirmation_bars"": 2, ""leg_a_atr_target"": 0.8, ""pullback_rsi"": 30, ""session_filter"": ""NY"", ""time_stop_minutes"": 90, ""trail_mult"": 2.0}"
M5,trend_pullback,partial_tp_mr_time_stop,1542,0.1567678246250939,375.1838152196062,375.18381521960634,0.2392,1678.3673425168824,False,0.0039,0.012323300511703028,3.2777086122791186,0.45590142671854733,32.17174012908773,"{""adx_threshold"": 25, ""atr_stop"": 3.0, ""atr_target"": 1.0, ""confirmation_bars"": 2, ""leg_a_atr_target"": 0.8, ""pullback_rsi"": 30, ""session_filter"": ""NY"", ""time_stop_minutes"": 30, ""trail_mult"": 2.0}"
M5,trend_pullback,partial_tp_mr_time_stop,1542,0.1567678246250939,375.1838152196062,375.18381521960634,0.2392,1678.3673425168824,False,0.0039,0.012323300511703028,3.2777086122791186,0.45590142671854733,32.17174012908773,"{""adx_threshold"": 25, ""atr_stop"": 3.0, ""atr_target"": 1.5, ""confirmation_bars"": 2, ""leg_a_atr_target"": 0.8, ""pullback_rsi"": 30, ""session_filter"": ""NY"", ""time_stop_minutes"": 90, ""trail_mult"": 2.0}"
M5,trend_pullback,partial_tp_mr_time_stop,1542,0.1567678246250939,375.1838152196062,375.18381521960634,0.2392,1678.3673425168824,False,0.0039,0.012323300511703028,3.2777086122791186,0.45590142671854733,32.17174012908773,"{""adx_threshold"": 25, ""atr_stop"": 3.0, ""atr_target"": 1.5, ""confirmation_bars"": 2, ""leg_a_atr_target"": 0.8, ""pullback_rsi"": 30, ""session_filter"": ""NY"", ""time_stop_minutes"": 30, ""trail_mult"": 2.0}"
M5,trend_pullback,partial_tp_mr_time_stop,1542,0.1567678246250939,375.1838152196062,375.18381521960634,0.2392,1678.3673425168824,False,0.0039,0.012323300511703028,3.2777086122791186,0.45590142671854733,32.17174012908772,"{""adx_threshold"": 25, ""atr_stop"": 3.0, ""atr_target"": 1.5, ""confirmation_bars"": 2, ""leg_a_atr_target"": 0.8, ""pullback_rsi"": 30, ""session_filter"": ""NY"", ""time_stop_minutes"": 60, ""trail_mult"": 2.0}"
M5,trend_pullback,partial_tp_mr_time_stop,1542,0.1567678246250939,375.1838152196062,375.18381521960634,0.2392,1678.3673425168824,False,0.0039,0.012323300511703028,3.2777086122791186,0.45590142671854733,32.17174012908772,"{""adx_threshold"": 25, ""atr_stop"": 3.0, ""atr_target"": 1.0, ""confirmation_bars"": 2, ""leg_a_atr_target"": 0.8, ""pullback_rsi"": 30, ""session_filter"": ""NY"", ""time_stop_minutes"": 60, ""trail_mult"": 2.0}"
M5,trend_pullback,partial_tp_mr_time_stop,1497,0.16036265245041423,355.5045871605657,355.5045871605654,0.2338,1032.9585877864918,False,0.0036,0.011449104840286493,3.071639389757537,0.45023380093520377,48.28951952742799,"{""adx_threshold"": 25, ""atr_stop"": 3.0, ""atr_target"": 1.0, ""confirmation_bars"": 2, ""leg_a_atr_target"": 0.8, ""pullback_rsi"": 30, ""session_filter"": ""NY"", ""time_stop_minutes"": 60, ""trail_mult"": 2.5}"
M5,trend_pullback,partial_tp_mr_time_stop,1497,0.16036265245041423,355.5045871605657,355.5045871605654,0.2338,1032.9585877864918,False,0.0036,0.011449104840286493,3.071639389757537,0.45023380093520377,48.28951952742799,"{""adx_threshold"": 25, ""atr_stop"": 3.0, ""atr_target"": 1.5, ""confirmation_bars"": 2, ""leg_a_atr_target"": 0.8, ""pullback_rsi"": 30, ""session_filter"": ""NY"", ""time_stop_minutes"": 60, ""trail_mult"": 2.5}"
M5,trend_pullback,partial_tp_mr_time_stop,1497,0.16036265245041423,355.5045871605657,355.5045871605654,0.2338,1032.9585877864918,False,0.0036,0.011449104840286493,3.071639389757537,0.45023380093520377,48.289519527427984,"{""adx_threshold"": 25, ""atr_stop"": 3.0, ""atr_target"": 1.0, ""confirmation_bars"": 2, ""leg_a_atr_target"": 0.8, ""pullback_rsi"": 30, ""session_filter"": ""NY"", ""time_stop_minutes"": 30, ""trail_mult"": 2.5}"
M5,trend_pullback,partial_tp_mr_time_stop,1497,0.16036265245041423,355.5045871605657,355.5045871605654,0.2338,1032.9585877864918,False,0.0036,0.011449104840286493,3.071639389757537,0.45023380093520377,48.289519527427984,"{""adx_threshold"": 25, ""atr_stop"": 3.0, ""atr_target"": 1.0, ""confirmation_bars"": 2, ""leg_a_atr_target"": 0.8, ""pullback_rsi"": 30, ""session_filter"": ""NY"", ""time_stop_minutes"": 90, ""trail_mult"": 2.5}"
M5,trend_pullback,partial_tp_mr_time_stop,1497,0.16036265245041423,355.5045871605657,355.5045871605654,0.2338,1032.9585877864918,False,0.0036,0.011449104840286493,3.071639389757537,0.45023380093520377,48.289519527427984,"{""adx_threshold"": 25, ""atr_stop"": 3.0, ""atr_target"": 1.5, ""confirmation_bars"": 2, ""leg_a_atr_target"": 0.8, ""pullback_rsi"": 30, ""session_filter"": ""NY"", ""time_stop_minutes"": 30, ""trail_mult"": 2.5}"
M5,trend_pullback,partial_tp_mr_time_stop,1497,0.16036265245041423,355.5045871605657,355.5045871605654,0.2338,1032.9585877864918,False,0.0036,0.011449104840286493,3.071639389757537,0.45023380093520377,48.289519527427984,"{""adx_threshold"": 25, ""atr_stop"": 3.0, ""atr_target"": 1.5, ""confirmation_bars"": 2, ""leg_a_atr_target"": 0.8, ""pullback_rsi"": 30, ""session_filter"": ""NY"", ""time_stop_minutes"": 90, ""trail_mult"": 2.5}"
M5,trend_pullback,partial_tp_mr_time_stop,1578,0.1494530236448619,392.5382072132949,392.53820721329475,0.2509,1307.5635691666212,False,0.0034,0.010079356312582333,2.999753342514136,0.42712294043092525,45.569802280922914,"{""adx_threshold"": 25, ""atr_stop"": 2.5, ""atr_target"": 1.5, ""confirmation_bars"": 1, ""leg_a_atr_target"": 0.8, ""pullback_rsi"": 30, ""session_filter"": ""NY"", ""time_stop_minutes"": 90, ""trail_mult"": 2.5}"
M5,trend_pullback,partial_tp_mr_time_stop,1578,0.1494530236448619,392.5382072132949,392.53820721329475,0.2509,1307.5635691666212,False,0.0034,0.010079356312582333,2.999753342514136,0.42712294043092525,45.569802280922914,"{""adx_threshold"": 25, ""atr_stop"": 2.5, ""atr_target"": 1.5, ""confirmation_bars"": 1, ""leg_a_atr_target"": 0.8, ""pullback_rsi"": 30, ""session_filter"": ""NY"", ""time_stop_minutes"": 60, ""trail_mult"": 2.5}"
M5,trend_pullback,partial_tp_mr_time_stop,1578,0.1494530236448619,392.5382072132949,392.53820721329475,0.2509,1307.5635691666212,False,0.0034,0.010079356312582333,2.999753342514136,0.42712294043092525,45.569802280922914,"{""adx_threshold"": 25, ""atr_stop"": 2.5, ""atr_target"": 1.0, ""confirmation_bars"": 1, ""leg_a_atr_target"": 0.8, ""pullback_rsi"": 30, ""session_filter"": ""NY"", ""time_stop_minutes"": 60, ""trail_mult"": 2.5}"
M5,trend_pullback,partial_tp_mr_time_stop,1578,0.1494530236448619,392.5382072132949,392.53820721329475,0.2509,1307.5635691666212,False,0.0034,0.010079356312582333,2.999753342514136,0.42712294043092525,45.569802280922914,"{""adx_threshold"": 25, ""atr_stop"": 2.5, ""atr_target"": 1.0, ""confirmation_bars"": 1, ""leg_a_atr_target"": 0.8, ""pullback_rsi"": 30, ""session_filter"": ""NY"", ""time_stop_minutes"": 30, ""trail_mult"": 2.5}"
M5,trend_pullback,partial_tp_mr_time_stop,1578,0.1494530236448619,392.5382072132949,392.53820721329475,0.2509,1307.5635691666212,False,0.0034,0.010079356312582333,2.999753342514136,0.42712294043092525,45.569802280922914,"{""adx_threshold"": 25, ""atr_stop"": 2.5, ""atr_target"": 1.5, ""confirmation_bars"": 1, ""leg_a_atr_target"": 0.8, ""pullback_rsi"": 30, ""session_filter"": ""NY"", ""time_stop_minutes"": 30, ""trail_mult"": 2.5}"
M5,trend_pullback,partial_tp_mr_time_stop,1578,0.1494530236448619,392.5382072132949,392.53820721329475,0.2509,1307.5635691666212,False,0.0034,0.010079356312582333,2.999753342514136,0.42712294043092525,45.569802280922914,"{""adx_threshold"": 25, ""atr_stop"": 2.5, ""atr_target"": 1.0, ""confirmation_bars"": 1, ""leg_a_atr_target"": 0.8, ""pullback_rsi"": 30, ""session_filter"": ""NY"", ""time_stop_minutes"": 90, ""trail_mult"": 2.5}"
M5,trend_pullback,partial_tp_mr_time_stop,1834,0.13283420706865165,340.31313973820454,340.3131397382045,0.2823,1115.3058681458247,False,0.0038,0.010025655031043277,2.7547775741819156,0.4558342420937841,42.91843726602061,"{""adx_threshold"": 25, ""atr_stop"": 3.0, ""atr_target"": 1.5, ""confirmation_bars"": 1, ""leg_a_atr_target"": 1.0, ""pullback_rsi"": 30, ""session_filter"": ""NY"", ""time_stop_minutes"": 90, ""trail_mult"": 2.5}"
M5,trend_pullback,partial_tp_mr_time_stop,1834,0.13283420706865165,340.31313973820454,340.3131397382045,0.2823,1115.3058681458247,False,0.0038,0.010025655031043277,2.7547775741819156,0.4558342420937841,42.91843726602061,"{""adx_threshold"": 25, ""atr_stop"": 3.0, ""atr_target"": 1.5, ""confirmation_bars"": 1, ""leg_a_atr_target"": 1.0, ""pullback_rsi"": 30, ""session_filter"": ""NY"", ""time_stop_minutes"": 60, ""trail_mult"": 2.5}"
M5,trend_pullback,partial_tp_mr_time_stop,1834,0.13283420706865165,340.31313973820454,340.3131397382045,0.2823,1115.3058681458247,False,0.0038,0.010025655031043277,2.7547775741819156,0.4558342420937841,42.91843726602061,"{""adx_threshold"": 25, ""atr_stop"": 3.0, ""atr_target"": 1.0, ""confirmation_bars"": 1, ""leg_a_atr_target"": 1.0, ""pullback_rsi"": 30, ""session_filter"": ""NY"", ""time_stop_minutes"": 30, ""trail_mult"": 2.5}"
M5,trend_pullback,partial_tp_mr_time_stop,1834,0.13283420706865165,340.31313973820454,340.3131397382045,0.2823,1115.3058681458247,False,0.0038,0.010025655031043277,2.7547775741819156,0.4558342420937841,42.91843726602061,"{""adx_threshold"": 25, ""atr_stop"": 3.0, ""atr_target"": 1.5, ""confirmation_bars"": 1, ""leg_a_atr_target"": 1.0, ""pullback_rsi"": 30, ""session_filter"": ""NY"", ""time_stop_minutes"": 30, ""trail_mult"": 2.5}"
M5,trend_pullback,partial_tp_mr_time_stop,1834,0.13283420706865165,340.31313973820454,340.3131397382045,0.2823,1115.3058681458247,False,0.0038,0.010025655031043277,2.7547775741819156,0.4558342420937841,42.91843726602061,"{""adx_threshold"": 25, ""atr_stop"": 3.0, ""atr_target"": 1.0, ""confirmation_bars"": 1, ""leg_a_atr_target"": 1.0, ""pullback_rsi"": 30, ""session_filter"": ""NY"", ""time_stop_minutes"": 90, ""trail_mult"": 2.5}"
M5,trend_pullback,partial_tp_mr_time_stop,1834,0.13283420706865165,340.31313973820454,340.3131397382045,0.2823,1115.3058681458247,False,0.0038,0.010025655031043277,2.7547775741819156,0.4558342420937841,42.91843726602061,"{""adx_threshold"": 25, ""atr_stop"": 3.0, ""atr_target"": 1.0, ""confirmation_bars"": 1, ""leg_a_atr_target"": 1.0, ""pullback_rsi"": 30, ""session_filter"": ""NY"", ""time_stop_minutes"": 60, ""trail_mult"": 2.5}"
M5,trend_pullback,partial_tp_mr_time_stop,1622,0.14415663510073196,424.49311561878085,424.49311561878096,0.2601,1992.4244909889314,False,0.0034,0.009943151607996283,3.1057343616335866,0.43341553637484587,29.670583034105654,"{""adx_threshold"": 25, ""atr_stop"": 2.5, ""atr_target"": 1.0, ""confirmation_bars"": 1, ""leg_a_atr_target"": 0.8, ""pullback_rsi"": 30, ""session_filter"": ""NY"", ""time_stop_minutes"": 60, ""trail_mult"": 2.0}"
M5,trend_pullback,partial_tp_mr_time_stop,1622,0.14415663510073196,424.49311561878085,424.49311561878096,0.2601,1992.4244909889314,False,0.0034,0.009943151607996283,3.1057343616335866,0.43341553637484587,29.670583034105654,"{""adx_threshold"": 25, ""atr_stop"": 2.5, ""atr_target"": 1.5, ""confirmation_bars"": 1, ""leg_a_atr_target"": 0.8, ""pullback_rsi"": 30, ""session_filter"": ""NY"", ""time_stop_minutes"": 60, ""trail_mult"": 2.0}"
M5,trend_pullback,partial_tp_mr_time_stop,1622,0.14415663510073196,424.49311561878085,424.49311561878096,0.2601,1992.4244909889314,False,0.0034,0.009943151607996283,3.1057343616335866,0.43341553637484587,29.670583034105647,"{""adx_threshold"": 25, ""atr_stop"": 2.5, ""atr_target"": 1.0, ""confirmation_bars"": 1, ""leg_a_atr_target"": 0.8, ""pullback_rsi"": 30, ""session_filter"": ""NY"", ""time_stop_minutes"": 30, ""trail_mult"": 2.0}"
M5,trend_pullback,partial_tp_mr_time_stop,1622,0.14415663510073196,424.49311561878085,424.49311561878096,0.2601,1992.4244909889314,False,0.0034,0.009943151607996283,3.1057343616335866,0.43341553637484587,29.670583034105647,"{""adx_threshold"": 25, ""atr_stop"": 2.5, ""atr_target"": 1.0, ""confirmation_bars"": 1, ""leg_a_atr_target"": 0.8, ""pullback_rsi"": 30, ""session_filter"": ""NY"", ""time_stop_minutes"": 90, ""trail_mult"": 2.0}"
M5,trend_pullback,partial_tp_mr_time_stop,1622,0.14415663510073196,424.49311561878085,424.49311561878096,0.2601,1992.4244909889314,False,0.0034,0.009943151607996283,3.1057343616335866,0.43341553637484587,29.670583034105647,"{""adx_threshold"": 25, ""atr_stop"": 2.5, ""atr_target"": 1.5, ""confirmation_bars"": 1, ""leg_a_atr_target"": 0.8, ""pullback_rsi"": 30, ""session_filter"": ""NY"", ""time_stop_minutes"": 30, ""trail_mult"": 2.0}"
M5,trend_pullback,partial_tp_mr_time_stop,1622,0.14415663510073196,424.49311561878085,424.49311561878096,0.2601,1992.4244909889314,False,0.0034,0.009943151607996283,3.1057343616335866,0.43341553637484587,29.670583034105647,"{""adx_threshold"": 25, ""atr_stop"": 2.5, ""atr_target"": 1.5, ""confirmation_bars"": 1, ""leg_a_atr_target"": 0.8, ""pullback_rsi"": 30, ""session_filter"": ""NY"", ""time_stop_minutes"": 90, ""trail_mult"": 2.0}"
M5,trend_pullback,partial_tp_mr_time_stop,1649,0.14325971792191355,420.7438733794327,420.7438733794327,0.2618,1910.798188259634,False,0.0034,0.009871692820794083,3.0687551429641973,0.4050939963614312,42.53860866445234,"{""adx_threshold"": 25, ""atr_stop"": 2.0, ""atr_target"": 1.0, ""confirmation_bars"": 1, ""leg_a_atr_target"": 0.8, ""pullback_rsi"": 30, ""session_filter"": ""NY"", ""time_stop_minutes"": 30, ""trail_mult"": 2.5}"
M5,trend_pullback,partial_tp_mr_time_stop,1649,0.14325971792191355,420.7438733794327,420.7438733794327,0.2618,1910.798188259634,False,0.0034,0.009871692820794083,3.0687551429641973,0.4050939963614312,42.53860866445234,"{""adx_threshold"": 25, ""atr_stop"": 2.0, ""atr_target"": 1.0, ""confirmation_bars"": 1, ""leg_a_atr_target"": 0.8, ""pullback_rsi"": 30, ""session_filter"": ""NY"", ""time_stop_minutes"": 90, ""trail_mult"": 2.5}"
M5,trend_pullback,partial_tp_mr_time_stop,1649,0.14325971792191355,420.7438733794327,420.7438733794327,0.2618,1910.798188259634,False,0.0034,0.009871692820794083,3.0687551429641973,0.4050939963614312,42.53860866445233,"{""adx_threshold"": 25, ""atr_stop"": 2.0, ""atr_target"": 1.0, ""confirmation_bars"": 1, ""leg_a_atr_target"": 0.8, ""pullback_rsi"": 30, ""session_filter"": ""NY"", ""time_stop_minutes"": 60, ""trail_mult"": 2.5}"
M5,trend_pullback,partial_tp_mr_time_stop,1649,0.14325971792191355,420.7438733794327,420.7438733794327,0.2618,1910.798188259634,False,0.0034,0.009871692820794083,3.0687551429641973,0.4050939963614312,42.53860866445233,"{""adx_threshold"": 25, ""atr_stop"": 2.0, ""atr_target"": 1.5, ""confirmation_bars"": 1, ""leg_a_atr_target"": 0.8, ""pullback_rsi"": 30, ""session_filter"": ""NY"", ""time_stop_minutes"": 60, ""trail_mult"": 2.5}"
M5,trend_pullback,partial_tp_mr_time_stop,1649,0.14325971792191355,420.7438733794327,420.7438733794327,0.2618,1910.798188259634,False,0.0034,0.009871692820794083,3.0687551429641973,0.4050939963614312,42.53860866445234,"{""adx_threshold"": 25, ""atr_stop"": 2.0, ""atr_target"": 1.5, ""confirmation_bars"": 1, ""leg_a_atr_target"": 0.8, ""pullback_rsi"": 30, ""session_filter"": ""NY"", ""time_stop_minutes"": 90, ""trail_mult"": 2.5}"
M5,trend_pullback,partial_tp_mr_time_stop,1649,0.14325971792191355,420.7438733794327,420.7438733794327,0.2618,1910.798188259634,False,0.0034,0.009871692820794083,3.0687551429641973,0.4050939963614312,42.53860866445234,"{""adx_threshold"": 25, ""atr_stop"": 2.0, ""atr_target"": 1.5, ""confirmation_bars"": 1, ""leg_a_atr_target"": 0.8, ""pullback_rsi"": 30, ""session_filter"": ""NY"", ""time_stop_minutes"": 30, ""trail_mult"": 2.5}"
M5,trend_pullback,partial_tp_mr_time_stop,1600,0.14453373759524354,441.1718737704397,441.1718737704398,0.2595,2065.9590176652678,False,0.0033,0.0095916096669289,3.0965587483600543,0.431875,29.880104762439416,"{""adx_threshold"": 25, ""atr_stop"": 2.5, ""atr_target"": 1.5, ""confirmation_bars"": 2, ""leg_a_atr_target"": 0.8, ""pullback_rsi"": 30, ""session_filter"": ""NY"", ""time_stop_minutes"": 60, ""trail_mult"": 2.0}"
M5,trend_pullback,partial_tp_mr_time_stop,1600,0.14453373759524354,441.1718737704397,441.1718737704398,0.2595,2065.9590176652678,False,0.0033,0.0095916096669289,3.0965587483600543,0.431875,29.880104762439416,"{""adx_threshold"": 25, ""atr_stop"": 2.5, ""atr_target"": 1.0, ""confirmation_bars"": 2, ""leg_a_atr_target"": 0.8, ""pullback_rsi"": 30, ""session_filter"": ""NY"", ""time_stop_minutes"": 60, ""trail_mult"": 2.0}"
M5,trend_pullback,partial_tp_mr_time_stop,1600,0.14453373759524354,441.1718737704397,441.1718737704398,0.2595,2065.9590176652678,False,0.0033,0.0095916096669289,3.0965587483600543,0.431875,29.88010476243941,"{""adx_threshold"": 25, ""atr_stop"": 2.5, ""atr_target"": 1.5, ""confirmation_bars"": 2, ""leg_a_atr_target"": 0.8, ""pullback_rsi"": 30, ""session_filter"": ""NY"", ""time_stop_minutes"": 90, ""trail_mult"": 2.0}"
M5,trend_pullback,partial_tp_mr_time_stop,1600,0.14453373759524354,441.1718737704397,441.1718737704398,0.2595,2065.9590176652678,False,0.0033,0.0095916096669289,3.0965587483600543,0.431875,29.88010476243941,"{""adx_threshold"": 25, ""atr_stop"": 2.5, ""atr_target"": 1.5, ""confirmation_bars"": 2, ""leg_a_atr_target"": 0.8, ""pullback_rsi"": 30, ""session_filter"": ""NY"", ""time_stop_minutes"": 30, ""trail_mult"": 2.0}"
M5,trend_pullback,partial_tp_mr_time_stop,1600,0.14453373759524354,441.1718737704397,441.1718737704398,0.2595,2065.9590176652678,False,0.0033,0.0095916096669289,3.0965587483600543,0.431875,29.88010476243941,"{""adx_threshold"": 25, ""atr_stop"": 2.5, ""atr_target"": 1.0, ""confirmation_bars"": 2, ""leg_a_atr_target"": 0.8, ""pullback_rsi"": 30, ""session_filter"": ""NY"", ""time_stop_minutes"": 30, ""trail_mult"": 2.0}"
M5,trend_pullback,partial_tp_mr_time_stop,1600,0.14453373759524354,441.1718737704397,441.1718737704398,0.2595,2065.9590176652678,False,0.0033,0.0095916096669289,3.0965587483600543,0.431875,29.88010476243941,"{""adx_threshold"": 25, ""atr_stop"": 2.5, ""atr_target"": 1.0, ""confirmation_bars"": 2, ""leg_a_atr_target"": 0.8, ""pullback_rsi"": 30, ""session_filter"": ""NY"", ""time_stop_minutes"": 90, ""trail_mult"": 2.0}"
M5,trend_pullback,partial_tp_mr_time_stop,1553,0.14942009248466748,419.1895990540691,419.1895990540688,0.251,1445.6336226133621,False,0.0032,0.009559246788878852,2.9772735522779588,0.42691564713457825,45.77329580255044,"{""adx_threshold"": 25, ""atr_stop"": 2.5, ""atr_target"": 1.0, ""confirmation_bars"": 2, ""leg_a_atr_target"": 0.8, ""pullback_rsi"": 30, ""session_filter"": ""NY"", ""time_stop_minutes"": 60, ""trail_mult"": 2.5}"
M5,trend_pullback,partial_tp_mr_time_stop,1553,0.14942009248466748,419.1895990540691,419.1895990540688,0.251,1445.6336226133621,False,0.0032,0.009559246788878852,2.9772735522779588,0.42691564713457825,45.77329580255044,"{""adx_threshold"": 25, ""atr_stop"": 2.5, ""atr_target"": 1.0, ""confirmation_bars"": 2, ""leg_a_atr_target"": 0.8, ""pullback_rsi"": 30, ""session_filter"": ""NY"", ""time_stop_minutes"": 30, ""trail_mult"": 2.5}"
M5,trend_pullback,partial_tp_mr_time_stop,1553,0.14942009248466748,419.1895990540691,419.1895990540688,0.251,1445.6336226133621,False,0.0032,0.009559246788878852,2.9772735522779588,0.42691564713457825,45.77329580255044,"{""adx_threshold"": 25, ""atr_stop"": 2.5, ""atr_target"": 1.5, ""confirmation_bars"": 2, ""leg_a_atr_target"": 0.8, ""pullback_rsi"": 30, ""session_filter"": ""NY"", ""time_stop_minutes"": 30, ""trail_mult"": 2.5}"
M5,trend_pullback,partial_tp_mr_time_stop,1553,0.14942009248466748,419.1895990540691,419.1895990540688,0.251,1445.6336226133621,False,0.0032,0.009559246788878852,2.9772735522779588,0.42691564713457825,45.77329580255044,"{""adx_threshold"": 25, ""atr_stop"": 2.5, ""atr_target"": 1.0, ""confirmation_bars"": 2, ""leg_a_atr_target"": 0.8, ""pullback_rsi"": 30, ""session_filter"": ""NY"", ""time_stop_minutes"": 90, ""trail_mult"": 2.5}"
M5,trend_pullback,partial_tp_mr_time_stop,1553,0.14942009248466748,419.1895990540691,419.1895990540688,0.251,1445.6336226133621,False,0.0032,0.009559246788878852,2.9772735522779588,0.42691564713457825,45.77329580255044,"{""adx_threshold"": 25, ""atr_stop"": 2.5, ""atr_target"": 1.5, ""confirmation_bars"": 2, ""leg_a_atr_target"": 0.8, ""pullback_rsi"": 30, ""session_filter"": ""NY"", ""time_stop_minutes"": 60, ""trail_mult"": 2.5}"
M5,trend_pullback,partial_tp_mr_time_stop,1553,0.14942009248466748,419.1895990540691,419.1895990540688,0.251,1445.6336226133621,False,0.0032,0.009559246788878852,2.9772735522779588,0.42691564713457825,45.77329580255044,"{""adx_threshold"": 25, ""atr_stop"": 2.5, ""atr_target"": 1.5, ""confirmation_bars"": 2, ""leg_a_atr_target"": 0.8, ""pullback_rsi"": 30, ""session_filter"": ""NY"", ""time_stop_minutes"": 90, ""trail_mult"": 2.5}"
M5,trend_pullback,partial_tp_mr_time_stop,1629,0.142756174933093,448.9395020115598,448.93950201155945,0.2627,2144.7374001866892,False,0.0033,0.009330551352782006,3.0467357369307737,0.40515653775322286,42.65603622888722,"{""adx_threshold"": 25, ""atr_stop"": 2.0, ""atr_target"": 1.5, ""confirmation_bars"": 2, ""leg_a_atr_target"": 0.8, ""pullback_rsi"": 30, ""session_filter"": ""NY"", ""time_stop_minutes"": 30, ""trail_mult"": 2.5}"
M5,trend_pullback,partial_tp_mr_time_stop,1629,0.142756174933093,448.9395020115598,448.93950201155945,0.2627,2144.7374001866892,False,0.0033,0.009330551352782006,3.0467357369307737,0.40515653775322286,42.65603622888722,"{""adx_threshold"": 25, ""atr_stop"": 2.0, ""atr_target"": 1.5, ""confirmation_bars"": 2, ""leg_a_atr_target"": 0.8, ""pullback_rsi"": 30, ""session_filter"": ""NY"", ""time_stop_minutes"": 90, ""trail_mult"": 2.5}"
M5,trend_pullback,partial_tp_mr_time_stop,1629,0.142756174933093,448.9395020115598,448.93950201155945,0.2627,2144.7374001866892,False,0.0033,0.009330551352782006,3.0467357369307737,0.40515653775322286,42.65603622888721,"{""adx_threshold"": 25, ""atr_stop"": 2.0, ""atr_target"": 1.0, ""confirmation_bars"": 2, ""leg_a_atr_target"": 0.8, ""pullback_rsi"": 30, ""session_filter"": ""NY"", ""time_stop_minutes"": 60, ""trail_mult"": 2.5}"
M5,trend_pullback,partial_tp_mr_time_stop,1629,0.142756174933093,448.9395020115598,448.93950201155945,0.2627,2144.7374001866892,False,0.0033,0.009330551352782006,3.0467357369307737,0.40515653775322286,42.65603622888721,"{""adx_threshold"": 25, ""atr_stop"": 2.0, ""atr_target"": 1.5, ""confirmation_bars"": 2, ""leg_a_atr_target"": 0.8, ""pullback_rsi"": 30, ""session_filter"": ""NY"", ""time_stop_minutes"": 60, ""trail_mult"": 2.5}"
M5,trend_pullback,partial_tp_mr_time_stop,1629,0.142756174933093,448.9395020115598,448.93950201155945,0.2627,2144.7374001866892,False,0.0033,0.009330551352782006,3.0467357369307737,0.40515653775322286,42.65603622888722,"{""adx_threshold"": 25, ""atr_stop"": 2.0, ""atr_target"": 1.0, ""confirmation_bars"": 2, ""leg_a_atr_target"": 0.8, ""pullback_rsi"": 30, ""session_filter"": ""NY"", ""time_stop_minutes"": 30, ""trail_mult"": 2.5}"
M5,trend_pullback,partial_tp_mr_time_stop,1629,0.142756174933093,448.9395020115598,448.93950201155945,0.2627,2144.7374001866892,False,0.0033,0.009330551352782006,3.0467357369307737,0.40515653775322286,42.65603622888722,"{""adx_threshold"": 25, ""atr_stop"": 2.0, ""atr_target"": 1.0, ""confirmation_bars"": 2, ""leg_a_atr_target"": 0.8, ""pullback_rsi"": 30, ""session_filter"": ""NY"", ""time_stop_minutes"": 90, ""trail_mult"": 2.5}"
M5,trend_pullback,partial_tp_mr_time_stop,1811,0.13227345623660022,355.8604923267413,355.86049232674145,0.2835,1098.4424344364115,False,0.0035,0.009293035612962018,2.735368809500218,0.45444505797901713,43.008171038493586,"{""adx_threshold"": 25, ""atr_stop"": 3.0, ""atr_target"": 1.5, ""confirmation_bars"": 2, ""leg_a_atr_target"": 1.0, ""pullback_rsi"": 30, ""session_filter"": ""NY"", ""time_stop_minutes"": 60, ""trail_mult"": 2.5}"
M5,trend_pullback,partial_tp_mr_time_stop,1811,0.13227345623660022,355.8604923267413,355.86049232674145,0.2835,1098.4424344364115,False,0.0035,0.009293035612962018,2.735368809500218,0.45444505797901713,43.008171038493586,"{""adx_threshold"": 25, ""atr_stop"": 3.0, ""atr_target"": 1.0, ""confirmation_bars"": 2, ""leg_a_atr_target"": 1.0, ""pullback_rsi"": 30, ""session_filter"": ""NY"", ""time_stop_minutes"": 60, ""trail_mult"": 2.5}"
M5,trend_pullback,partial_tp_mr_time_stop,1811,0.13227345623660022,355.8604923267413,355.86049232674145,0.2835,1098.4424344364115,False,0.0035,0.009293035612962018,2.735368809500218,0.45444505797901713,43.00817103849358,"{""adx_threshold"": 25, ""atr_stop"": 3.0, ""atr_target"": 1.5, ""confirmation_bars"": 2, ""leg_a_atr_target"": 1.0, ""pullback_rsi"": 30, ""session_filter"": ""NY"", ""time_stop_minutes"": 30, ""trail_mult"": 2.5}"
M5,trend_pullback,partial_tp_mr_time_stop,1811,0.13227345623660022,355.8604923267413,355.86049232674145,0.2835,1098.4424344364115,False,0.0035,0.009293035612962018,2.735368809500218,0.45444505797901713,43.00817103849358,"{""adx_threshold"": 25, ""atr_stop"": 3.0, ""atr_target"": 1.0, ""confirmation_bars"": 2, ""leg_a_atr_target"": 1.0, ""pullback_rsi"": 30, ""session_filter"": ""NY"", ""time_stop_minutes"": 90, ""trail_mult"": 2.5}"
M5,trend_pullback,partial_tp_mr_time_stop,1811,0.13227345623660022,355.8604923267413,355.86049232674145,0.2835,1098.4424344364115,False,0.0035,0.009293035612962018,2.735368809500218,0.45444505797901713,43.00817103849358,"{""adx_threshold"": 25, ""atr_stop"": 3.0, ""atr_target"": 1.0, ""confirmation_bars"": 2, ""leg_a_atr_target"": 1.0, ""pullback_rsi"": 30, ""session_filter"": ""NY"", ""time_stop_minutes"": 30, ""trail_mult"": 2.5}"
M5,trend_pullback,partial_tp_mr_time_stop,1811,0.13227345623660022,355.8604923267413,355.86049232674145,0.2835,1098.4424344364115,False,0.0035,0.009293035612962018,2.735368809500218,0.45444505797901713,43.00817103849358,"{""adx_threshold"": 25, ""atr_stop"": 3.0, ""atr_target"": 1.5, ""confirmation_bars"": 2, ""leg_a_atr_target"": 1.0, ""pullback_rsi"": 30, ""session_filter"": ""NY"", ""time_stop_minutes"": 90, ""trail_mult"": 2.5}"
M5,trend_pullback,partial_tp_mr_time_stop,1911,0.12131088165659883,414.10133382218424,414.10133382218464,0.3091,1520.6745626805175,False,0.0032,0.00770288707321759,2.6435721613808627,0.4290947148090005,40.36038293923613,"{""adx_threshold"": 25, ""atr_stop"": 2.5, ""atr_target"": 1.0, ""confirmation_bars"": 1, ""leg_a_atr_target"": 1.0, ""pullback_rsi"": 30, ""session_filter"": ""NY"", ""time_stop_minutes"": 60, ""trail_mult"": 2.5}"
M5,trend_pullback,partial_tp_mr_time_stop,1911,0.12131088165659883,414.10133382218424,414.10133382218464,0.3091,1520.6745626805175,False,0.0032,0.00770288707321759,2.6435721613808627,0.4290947148090005,40.36038293923613,"{""adx_threshold"": 25, ""atr_stop"": 2.5, ""atr_target"": 1.0, ""confirmation_bars"": 1, ""leg_a_atr_target"": 1.0, ""pullback_rsi"": 30, ""session_filter"": ""NY"", ""time_stop_minutes"": 90, ""trail_mult"": 2.5}"
M5,trend_pullback,partial_tp_mr_time_stop,1911,0.12131088165659883,414.10133382218424,414.10133382218464,0.3091,1520.6745626805175,False,0.0032,0.00770288707321759,2.6435721613808627,0.4290947148090005,40.36038293923613,"{""adx_threshold"": 25, ""atr_stop"": 2.5, ""atr_target"": 1.5, ""confirmation_bars"": 1, ""leg_a_atr_target"": 1.0, ""pullback_rsi"": 30, ""session_filter"": ""NY"", ""time_stop_minutes"": 90, ""trail_mult"": 2.5}"
M5,trend_pullback,partial_tp_mr_time_stop,1911,0.12131088165659883,414.10133382218424,414.10133382218464,0.3091,1520.6745626805175,False,0.0032,0.00770288707321759,2.6435721613808627,0.4290947148090005,40.36038293923613,"{""adx_threshold"": 25, ""atr_stop"": 2.5, ""atr_target"": 1.5, ""confirmation_bars"": 1, ""leg_a_atr_target"": 1.0, ""pullback_rsi"": 30, ""session_filter"": ""NY"", ""time_stop_minutes"": 60, ""trail_mult"": 2.5}"
M5,trend_pullback,partial_tp_mr_time_stop,1911,0.12131088165659883,414.10133382218424,414.10133382218464,0.3091,1520.6745626805175,False,0.0032,0.00770288707321759,2.6435721613808627,0.4290947148090005,40.36038293923613,"{""adx_threshold"": 25, ""atr_stop"": 2.5, ""atr_target"": 1.0, ""confirmation_bars"": 1, ""leg_a_atr_target"": 1.0, ""pullback_rsi"": 30, ""session_filter"": ""NY"", ""time_stop_minutes"": 30, ""trail_mult"": 2.5}"
M5,trend_pullback,partial_tp_mr_time_stop,1911,0.12131088165659883,414.10133382218424,414.10133382218464,0.3091,1520.6745626805175,False,0.0032,0.00770288707321759,2.6435721613808627,0.4290947148090005,40.36038293923613,"{""adx_threshold"": 25, ""atr_stop"": 2.5, ""atr_target"": 1.5, ""confirmation_bars"": 1, ""leg_a_atr_target"": 1.0, ""pullback_rsi"": 30, ""session_filter"": ""NY"", ""time_stop_minutes"": 30, ""trail_mult"": 2.5}"
M5,trend_pullback,partial_tp_mr_time_stop,1889,0.12101452213558489,434.3726998410127,434.3726998410132,0.3099,1617.7665943863797,False,0.003,0.007354947217923926,2.6326498983214788,0.4282689253573319,40.46722439306557,"{""adx_threshold"": 25, ""atr_stop"": 2.5, ""atr_target"": 1.5, ""confirmation_bars"": 2, ""leg_a_atr_target"": 1.0, ""pullback_rsi"": 30, ""session_filter"": ""NY"", ""time_stop_minutes"": 90, ""trail_mult"": 2.5}"
M5,trend_pullback,partial_tp_mr_time_stop,1889,0.12101452213558489,434.3726998410127,434.3726998410132,0.3099,1617.7665943863797,False,0.003,0.007354947217923926,2.6326498983214788,0.4282689253573319,40.46722439306557,"{""adx_threshold"": 25, ""atr_stop"": 2.5, ""atr_target"": 1.0, ""confirmation_bars"": 2, ""leg_a_atr_target"": 1.0, ""pullback_rsi"": 30, ""session_filter"": ""NY"", ""time_stop_minutes"": 30, ""trail_mult"": 2.5}"
M5,trend_pullback,partial_tp_mr_time_stop,1889,0.12101452213558489,434.3726998410127,434.3726998410132,0.3099,1617.7665943863797,False,0.003,0.007354947217923926,2.6326498983214788,0.4282689253573319,40.46722439306557,"{""adx_threshold"": 25, ""atr_stop"": 2.5, ""atr_target"": 1.5, ""confirmation_bars"": 2, ""leg_a_atr_target"": 1.0, ""pullback_rsi"": 30, ""session_filter"": ""NY"", ""time_stop_minutes"": 60, ""trail_mult"": 2.5}"
M5,trend_pullback,partial_tp_mr_time_stop,1889,0.12101452213558489,434.3726998410127,434.3726998410132,0.3099,1617.7665943863797,False,0.003,0.007354947217923926,2.6326498983214788,0.4282689253573319,40.46722439306557,"{""adx_threshold"": 25, ""atr_stop"": 2.5, ""atr_target"": 1.0, ""confirmation_bars"": 2, ""leg_a_atr_target"": 1.0, ""pullback_rsi"": 30, ""session_filter"": ""NY"", ""time_stop_minutes"": 60, ""trail_mult"": 2.5}"
M5,trend_pullback,partial_tp_mr_time_stop,1889,0.12101452213558489,434.3726998410127,434.3726998410132,0.3099,1617.7665943863797,False,0.003,0.007354947217923926,2.6326498983214788,0.4282689253573319,40.46722439306557,"{""adx_threshold"": 25, ""atr_stop"": 2.5, ""atr_target"": 1.0, ""confirmation_bars"": 2, ""leg_a_atr_target"": 1.0, ""pullback_rsi"": 30, ""session_filter"": ""NY"", ""time_stop_minutes"": 90, ""trail_mult"": 2.5}"
M5,trend_pullback,partial_tp_mr_time_stop,1889,0.12101452213558489,434.3726998410127,434.3726998410132,0.3099,1617.7665943863797,False,0.003,0.007354947217923926,2.6326498983214788,0.4282689253573319,40.46722439306557,"{""adx_threshold"": 25, ""atr_stop"": 2.5, ""atr_target"": 1.5, ""confirmation_bars"": 2, ""leg_a_atr_target"": 1.0, ""pullback_rsi"": 30, ""session_filter"": ""NY"", ""time_stop_minutes"": 30, ""trail_mult"": 2.5}"
